SourceFile,SourceFolder,Latitude (decimal),Longitude (decimal),Datetime,Participants,Sequence #,Latitude,Serial #,Probe Type,Terminal Depth,Depth Equation,Depth Coeff. 1,Depth Coeff. 2,Depth Coeff. 3,Depth Coeff. 4,Pressure Pt Correction,Display Units,Generated on,Date of Launch,Time of Launch,Longitude,Raw Data Filename,Sound velocity derived with assumed salinity
t703.edf,aug09a,12.9,81.98333,2009-08-14 03:46:41,"M. Rafeeq, Vinayak",0,12 54 N,0,XCTD,1000m,Standard,0.0,6.472,-0.00216,0.0,100.0%,Metric,8 /          28 /        2009,8/14/2009,3:46:41,81 59 E,N A,n.a. ppt
t705.edf,aug09a,12.6,83.98333,2009-08-14 12:25:38,"M. Rafeeq, Vinayak",0,12 36 N,0,XCTD,1000m,Standard,0.0,6.472,-0.00216,0.0,100.0%,Metric,8 /          28 /        2009,8/14/2009,12:25:38,83 59 E,N A,n.a. ppt
t706.edf,aug09a,12.43333,85.01667,2009-08-14 16:51:02,"M. Rafeeq, Vinayak",0,12 26 N,0,XCTD,1000m,Standard,0.0,6.472,-0.00216,0.0,100.0%,Metric,8 /          28 /        2009,8/14/2009,16:51: 2,85 01 E,N A,n.a. ppt
t707.edf,aug09a,12.28333,86.0,2009-08-14 21:07:29,"M. Rafeeq, Vinayak",0,12 17 N,0,XCTD,1000m,Standard,0.0,6.472,-0.00216,0.0,100.0%,Metric,8 /          28 /        2009,8/14/2009,21: 7:29,86 00 E,N A,n.a. ppt
t708.edf,aug09a,12.11667,87.1,2009-08-15 02:06:08,"M. Rafeeq, Vinayak",0,12  7 N,0,XCTD,1000m,Standard,0.0,6.472,-0.00216,0.0,100.0%,Metric,8 /          28 /        2009,8/15/2009,2: 6: 8,87  6 E,N A,n.a. ppt
t709.edf,aug09a,12.0,88.0,2009-08-15 05:53:11,"M. Rafeeq, Vinayak",0,12  0 N,0,XCTD,1000m,Standard,0.0,6.472,-0.00216,0.0,100.0%,Metric,8 /          28 /        2009,8/15/2009,5:53:11,88  0 E,N A,n.a. ppt
t710.edf,aug09a,11.85,89.0,2009-08-15 10:04:47,"M. Rafeeq, Vinayak",0,11 51 N,0,XCTD,1000m,Standard,0.0,6.472,-0.00216,0.0,100.0%,Metric,8 /          28 /        2009,8/15/2009,10: 4:47,89  0 E,N A,n.a. ppt
t711.edf,aug09a,11.7,90.0,2009-08-15 14:19:00,"M. Rafeeq, Vinayak",0,11 42 N,0,XCTD,1000m,Standard,0.0,6.472,-0.00216,0.0,100.0%,Metric,8 /          28 /        2009,8/15/2009,14:19: 0,90  0 E,N A,n.a. ppt
t712.edf,aug09a,11.55,90.98333,2009-08-15 18:32:46,"M. Rafeeq, Vinayak",0,11 33 N,0,XCTD,1000m,Standard,0.0,6.472,-0.00216,0.0,100.0%,Metric,8 /          28 /        2009,8/15/2009,18:32:46,90 59 E,N A,n.a. ppt
t713.edf,aug09a,11.36667,92.11667,2009-08-15 23:54:55,"M. Rafeeq, Vinayak",0,11 22 N,0,XCTD,1000m,Standard,0.0,6.472,-0.00216,0.0,100.0%,Metric,8 /          28 /        2009,8/15/2009,23:54:55,92  7 E,N A,n.a. ppt
t701.edf,aug13b,13.03333,80.55,2013-08-28 13:35:37,"Venugopal Reddy, Virroy Dias",0,13  2 N,0,XCTD,1000m,Standard,0.0,6.472,-0.00216,0.0,100.0%,Metric,9 /          24 /        2013,8/28/2013,13:35:37,80 33 E,N A,n.a. pp  t
t702.edf,aug13b,12.9,80.75,2013-08-28 14:46:30,"Venugopal Reddy, Virroy Dias",1,12 54 N,0,XCTD,1000m,Standard,0.0,6.472,-0.00216,0.0,100.0%,Metric,9 /          24 /        2013,8/28/2013,14:46:30,80 45 E,N A,n.a. pp  t
t703.edf,aug13b,12.8,81.0,2013-08-28 15:59:07,"Venugopal Reddy, Virroy Dias",2,12 48 N,0,XCTD,1000m,Standard,0.0,6.472,-0.00216,0.0,100.0%,Metric,9 /          24 /        2013,8/28/2013,15:59: 7,81  0 E,N A,n.a. pp  t
t704.edf,aug13b,12.65,81.33333,2013-08-28 17:35:51,"Venugopal Reddy, Virroy Dias",3,12 39 N,0,XCTD,1000m,Standard,0.0,6.472,-0.00216,0.0,100.0%,Metric,9 /          24 /        2013,8/28/2013,17:35:51,81 20 E,N A,n.a. pp  t
t705.edf,aug13b,12.46667,81.66667,2013-08-28 19:14:54,"Venugopal Reddy, Virroy Dias",4,12 28 N,0,XCTD,1000m,Standard,0.0,6.472,-0.00216,0.0,100.0%,Metric,9 /          24 /        2013,8/28/2013,19:14:54,81 40 E,N A,n.a. pp  t
t706.edf,aug13b,12.31667,82.0,2013-08-28 20:50:24,"Venugopal Reddy, Virroy Dias",5,12 19 N,0,XCTD,1000m,Standard,0.0,6.472,-0.00216,0.0,100.0%,Metric,9 /          24 /        2013,8/28/2013,20:50:24,82  0 E,N A,n.a. pp  t
t701.edf,aug14b,13.06667,80.5,2014-08-29 20:38:23,"Kranthi, Hari, Ugendra, Abhish",1,13  4 N,0,XCTD,1000m,Standard,0.0,6.472,-0.00216,0.0,100.0%,Metric,10 /          24 /        2014,8/29/2014,20:38:23,80 30 E,N A,n.a. pp  t
t702.edf,aug14b,12.98333,81.0,2014-08-29 22:52:52,"Kranthi, Hari, Ugendra, Abhish",2,12 59 N,0,XCTD,1000m,Standard,0.0,6.472,-0.00216,0.0,100.0%,Metric,10 /          24 /        2014,8/29/2014,22:52:52,81  0 E,N A,n.a. pp  t
t703.edf,aug14b,12.91667,81.5,2014-08-30 01:07:08,"Kranthi, Hari, Ugendra, Abhish",3,12 55 N,0,XCTD,1000m,Standard,0.0,6.472,-0.00216,0.0,100.0%,Metric,10 /          24 /        2014,8/30/2014,1: 7: 8,81 30 E,N A,n.a. pp  t
t713.edf,dec13,12.85,82.01667,2013-12-19 01:24:28,"Ralph, Siddesh",30,12 51 N,0,XCTD,1000m,Standard,0.0,6.472,-0.00216,0.0,100.0%,Metric,1 /           2 /        2014,12/19/2013,1:24:28,82  1 E,N A,n.a. pp  t
t714.edf,dec13,12.95,81.33333,2013-12-19 04:38:37,"Ralph, Siddesh",31,12 57 N,0,XCTD,1000m,Standard,0.0,6.472,-0.00216,0.0,100.0%,Metric,1 /           2 /        2014,12/19/2013,4:38:37,81 20 E,N A,n.a. pp  t
t715.edf,dec13,13.01667,81.0,2013-12-19 06:00:15,"Ralph, Siddesh",32,13  1 N,0,XCTD,1000m,Standard,0.0,6.472,-0.00216,0.0,100.0%,Metric,1 /           2 /        2014,12/19/2013,6: 0:15,81  0 E,N A,n.a. pp  t
t716.edf,dec13,13.03333,80.75,2013-12-19 07:15:25,"Ralph, Siddesh",33,13  2 N,0,XCTD,1000m,Standard,0.0,6.472,-0.00216,0.0,100.0%,Metric,1 /           2 /        2014,12/19/2013,7:15:25,80 45 E,N A,n.a. pp  t
t701.edf,feb14,13.06667,80.53333,2014-02-18 21:55:20,"Larsen Dcruz, Arunkumar",49,13  4 N,0,XCTD,1000m,Standard,0.0,6.472,-0.00216,0.0,100.0%,Metric,3 /          26 /        2014,2/18/2014,21:55:20,80 32 E,N A,n.a. pp  t
t702.edf,feb14,13.01667,81.0,2014-02-19 00:03:33,"Larsen Dcruz, Arunkumar",50,13  1 N,0,XCTD,1000m,Standard,0.0,6.472,-0.00216,0.0,100.0%,Metric,3 /          26 /        2014,2/19/2014,0: 3:33,81  0 E,N A,n.a. pp  t
t703.edf,feb14,12.95,81.33333,2014-02-19 01:41:45,"Larsen Dcruz, Arunkumar",51,12 57 N,0,XCTD,1000m,Standard,0.0,6.472,-0.00216,0.0,100.0%,Metric,3 /          26 /        2014,2/19/2014,1:41:45,81 20 E,N A,n.a. pp  t
t704.edf,feb14,12.86667,81.9,2014-02-19 04:35:46,"Larsen Dcruz, Arunkumar",52,12 52 N,0,XCTD,1000m,Standard,0.0,6.472,-0.00216,0.0,100.0%,Metric,3 /          26 /        2014,2/19/2014,4:35:46,81 54 E,N A,n.a. pp  t
t701.edf,jan14,13.06667,80.5,2014-01-11 20:16:51,"Chaitanya, Virroy",35,13  4 N,0,XCTD,1000m,Standard,0.0,6.472,-0.00216,0.0,100.0%,Metric,2 /          10 /        2014,1/11/2014,20:16:51,80 30 E,N A,n.a. pp  t
t702.edf,jan14,13.01667,80.83333,2014-01-11 22:07:10,"Chaitanya, Virroy",36,13  1 N,0,XCTD,1000m,Standard,0.0,6.472,-0.00216,0.0,100.0%,Metric,2 /          10 /        2014,1/11/2014,22: 7:10,80 50 E,N A,n.a. pp  t
t703.edf,jan14,12.93333,81.33333,2014-01-12 00:36:52,"Chaitanya, Virroy",37,12 56 N,0,XCTD,1000m,Standard,0.0,6.472,-0.00216,0.0,100.0%,Metric,2 /          10 /        2014,1/12/2014,0:36:52,81 20 E,N A,n.a. pp  t
t704.edf,jan14,12.9,81.66667,2014-01-12 02:17:16,"Chaitanya, Virroy",38,12 54 N,0,XCTD,1000m,Standard,0.0,6.472,-0.00216,0.0,100.0%,Metric,2 /          10 /        2014,1/12/2014,2:17:16,81 40 E,N A,n.a. pp  t
t704.edf,jul09b,12.85,82.0,2009-07-28 03:34:33,"Amit, Kavitesh",1,12 51 N,0,XCTD,1000m,Standard,0.0,6.472,-0.00216,0.0,100.0%,Metric,8 /          14 /        2009,7/28/2009,03:34:33,82 00 E,N A,n.a. ppt
t705.edf,jul09b,12.7,83.01667,2009-07-28 08:52:26,"Amit, Kavitesh",2,12 42 N,0,XCTD,1000m,Standard,0.0,6.472,-0.00216,0.0,100.0%,Metric,8 /          14 /        2009,7/28/2009,8:52:26,83  1 E,N A,n.a. ppt
t706.edf,jul09b,12.56667,84.0,2009-07-28 13:35:13,"Amit, Kavitesh",3,12 34 N,0,XCTD,1000m,Standard,0.0,6.472,-0.00216,0.0,100.0%,Metric,8 /          14 /        2009,7/28/2009,13:35:13,84  0 E,N A,n.a. ppt
t707.edf,jul09b,12.4,85.0,2009-07-28 18:22:03,"Amit, Kavitesh",4,12 24 N,0,XCTD,1000m,Standard,0.0,6.472,-0.00216,0.0,100.0%,Metric,8 /          14 /        2009,7/28/2009,18:22: 3,85  0 E,N A,n.a. ppt
t708.edf,jul09b,12.85,86.0,2009-07-28 23:09:18,"Amit, Kavitesh",5,12 51 N,0,XCTD,1000m,Standard,0.0,6.472,-0.00216,0.0,100.0%,Metric,8 /          14 /        2009,7/28/2009,23: 9:18,86  0 E,N A,n.a. ppt
t709.edf,jul09b,12.1,87.0,2009-07-29 04:05:11,"Amit, Kavitesh",6,12  6 N,0,XCTD,1000m,Standard,0.0,6.472,-0.00216,0.0,100.0%,Metric,8 /          14 /        2009,7/29/2009,4: 5:11,87  0 E,N A,n.a. ppt
t710.edf,jul09b,11.96667,88.0,2009-07-29 09:03:23,"Amit, Kavitesh",7,11 58 N,0,XCTD,1000m,Standard,0.0,6.472,-0.00216,0.0,100.0%,Metric,8 /          14 /        2009,7/29/2009,9: 3:23,88  0 E,N A,n.a. ppt
t711.edf,jul09b,11.81667,89.0,2009-07-29 13:58:05,"Amit, Kavitesh",8,11 49 N,0,XCTD,1000m,Standard,0.0,6.472,-0.00216,0.0,100.0%,Metric,8 /          14 /        2009,7/29/2009,13:58: 5,89  0 E,N A,n.a. ppt
t712.edf,jul09b,11.66667,90.0,2009-07-29 18:56:34,"Amit, Kavitesh",9,11 40 N,0,XCTD,1000m,Standard,0.0,6.472,-0.00216,0.0,100.0%,Metric,8 /          14 /        2009,7/29/2009,18:56:34,90  0 E,N A,n.a. ppt
t713.edf,jul09b,11.51667,91.0,2009-07-29 23:44:16,"Amit, Kavitesh",10,11 31 N,0,XCTD,1000m,Standard,0.0,6.472,-0.00216,0.0,100.0%,Metric,8 /          14 /        2009,7/29/2009,23:44:16,91  0 E,N A,n.a. ppt
t714.edf,jul09b,11.38333,92.0,2009-07-30 04:39:42,"Amit, Kavitesh",11,11 23 N,0,XCTD,1000m,Standard,0.0,6.472,-0.00216,0.0,100.0%,Metric,8 /          14 /        2009,7/30/2009,4:39:42,92  0 E,N A,n.a. ppt
t701.edf,jul14,13.08333,80.5,2014-07-11 21:23:02,"Ralph, Larsen",48,13  5 N,0,XCTD,1000m,Standard,0.0,6.472,-0.00216,0.0,100.0%,Metric,8 /           3 /        2014,7/11/2014,21:23: 2,80 30 E,N A,n.a. pp  t
t702.edf,jul14,13.0,81.0,2014-07-11 23:27:41,"Ralph, Larsen",49,13  0 N,0,XCTD,1000m,Standard,0.0,6.472,-0.00216,0.0,100.0%,Metric,8 /           3 /        2014,7/11/2014,23:27:41,81  0 E,N A,n.a. pp  t
t703.edf,jul14,12.93333,81.5,2014-07-12 01:40:48,"Ralph, Larsen",50,12 56 N,0,XCTD,1000m,Standard,0.0,6.472,-0.00216,0.0,100.0%,Metric,8 /           3 /        2014,7/12/2014,1:40:48,81 30 E,N A,n.a. pp  t
t704.edf,jul14,12.86667,82.0,2014-07-12 03:41:39,"Ralph, Larsen",51,12 52 N,0,XCTD,1000m,Standard,0.0,6.472,-0.00216,0.0,100.0%,Metric,8 /           3 /        2014,7/12/2014,3:41:39,82  0 E,N A,n.a. pp  t
t701.edf,mar14a,12.91667,81.66667,2014-03-02 21:31:16,"Larsen Dcruz, Arunkumar",53,12 55 N,0,XCTD,1000m,Standard,0.0,6.472,-0.00216,0.0,100.0%,Metric,3 /          26 /        2014,3/ 2/2014,21:31:16,81 40 E,N A,n.a. pp  t
t702.edf,mar14a,12.96667,81.33333,2014-03-02 22:57:43,"Larsen Dcruz, Arunkumar",54,12 58 N,0,XCTD,1000m,Standard,0.0,6.472,-0.00216,0.0,100.0%,Metric,3 /          26 /        2014,3/ 2/2014,22:57:43,81 20 E,N A,n.a. pp  t
t703.edf,mar14a,13.01667,81.0,2014-03-03 00:27:34,"Larsen Dcruz, Arunkumar",55,13  1 N,0,XCTD,1000m,Standard,0.0,6.472,-0.00216,0.0,100.0%,Metric,3 /          26 /        2014,3/ 3/2014,0:27:34,81  0 E,N A,n.a. pp  t
t714.edf,mar14b,12.93333,81.53333,2014-03-27 20:46:23,"Venugopal, Kranthikumar",65,12 56 N,0,XCTD,1000m,Standard,0.0,6.472,-0.00216,0.0,100.0%,Metric,4 /          15 /        2014,3/27/2014,20:46:23,81 32 E,N A,n.a. pp  t
t715.edf,mar14b,13.01667,80.9,2014-03-27 23:40:09,"Venugopal, Kranthikumar",66,13  1 N,0,XCTD,1000m,Standard,0.0,6.472,-0.00216,0.0,100.0%,Metric,4 /          15 /        2014,3/27/2014,23:40: 9,80 54 E,N A,n.a. pp  t
t716.edf,mar14b,13.08333,80.53333,2014-03-28 01:22:27,"Venugopal, Kranthikumar",67,13  5 N,0,XCTD,1000m,Standard,0.0,6.472,-0.00216,0.0,100.0%,Metric,4 /          15 /        2014,3/28/2014,1:22:27,80 32 E,N A,n.a. pp  t
t701.edf,may14,13.08333,80.5,2014-05-19 21:46:49,"Rajkumar, Sherin",68,13  5 N,0,XCTD,1000m,Standard,0.0,6.472,-0.00216,0.0,100.0%,Metric,6 /          13 /        2014,5/19/2014,21:46:49,80 30 E,N A,n.a. pp  t
t702.edf,may14,13.05,80.76667,2014-05-19 23:03:49,"Rajkumar, Sherin",69,13  3 N,0,XCTD,1000m,Standard,0.0,6.472,-0.00216,0.0,100.0%,Metric,6 /          13 /        2014,5/19/2014,23: 3:49,80 46 E,N A,n.a. pp  t
t703.edf,may14,13.01667,81.0,2014-05-20 00:07:08,"Rajkumar, Sherin",70,13  1 N,0,XCTD,1000m,Standard,0.0,6.472,-0.00216,0.0,100.0%,Metric,6 /          13 /        2014,5/20/2014,0: 7: 8,81  0 E,N A,n.a. pp  t
t704.edf,may14,12.91667,81.56667,2014-05-20 02:41:27,"Rajkumar, Sherin",71,12 55 N,0,XCTD,1000m,Standard,0.0,6.472,-0.00216,0.0,100.0%,Metric,6 /          13 /        2014,5/20/2014,2:41:27,81 34 E,N A,n.a. pp  t
t711.edf,nov13,12.91667,81.53333,2013-11-30 01:00:50,"Kranthikumar, Ranadheer",44,12 55 N,0,XCTD,1000m,Standard,0.0,6.472,-0.00216,0.0,100.0%,Metric,12 /           3 /        2013,11/30/2013,1: 0:50,81 32 E,N A,n.a. pp  t
t712.edf,nov13,12.98333,81.01667,2013-11-30 03:41:35,"Kranthikumar, Ranadheer",45,12 59 N,0,XCTD,1000m,Standard,0.0,6.472,-0.00216,0.0,100.0%,Metric,12 /           3 /        2013,11/30/2013,3:41:35,81  1 E,N A,n.a. pp  t
t713.edf,nov13,13.06667,80.5,2013-11-30 06:01:26,"Kranthikumar, Ranadheer",46,13  4 N,0,XCTD,1000m,Standard,0.0,6.472,-0.00216,0.0,100.0%,Metric,12 /           3 /        2013,11/30/2013,6: 1:26,80 30 E,N A,n.a. pp  t
t701.edf,nov14,12.85,81.98333,2014-11-21 18:03:08,"Naren Tari, Sherin V R",44,12 51 N,0,XCTD,1000m,Standard,0.0,6.472,-0.00216,0.0,100.0%,Metric,12 /           8 /        2014,11/21/2014,18: 3: 8,81 59 E,N A,n.a. pp  t
t702.edf,nov14,12.93333,81.5,2014-11-21 20:04:55,"Naren Tari, Sherin V R",45,12 56 N,0,XCTD,1000m,Standard,0.0,6.472,-0.00216,0.0,100.0%,Metric,12 /           8 /        2014,11/21/2014,20: 4:55,81 30 E,N A,n.a. pp  t
t703.edf,nov14,13.0,81.0,2014-11-21 22:11:28,"Naren Tari, Sherin V R",46,13  0 N,0,XCTD,1000m,Standard,0.0,6.472,-0.00216,0.0,100.0%,Metric,12 /           8 /        2014,11/21/2014,22:11:28,81  0 E,N A,n.a. pp  t
t701.edf,oct13a,13.05,80.51667,2013-10-08 20:52:06,"Larsen D'Cruz, Sherin V Raju",0,13  3 N,0,XCTD,1000m,Standard,0.0,6.472,-0.00216,0.0,100.0%,Metric,11 /           4 /        2013,10/ 8/2013,20:52: 6,80 31 E,N A,n.a. pp  t
t702.edf,oct13a,13.01667,80.75,2013-10-08 22:07:44,"Larsen D'Cruz, Sherin V Raju",1,13  1 N,0,XCTD,1000m,Standard,0.0,6.472,-0.00216,0.0,100.0%,Metric,11 /           4 /        2013,10/ 8/2013,22: 7:44,80 45 E,N A,n.a. pp  t
t703.edf,oct13a,12.98333,81.03333,2013-10-08 23:33:58,"Larsen D'Cruz, Sherin V Raju",2,12 59 N,0,XCTD,1000m,Standard,0.0,6.472,-0.00216,0.0,100.0%,Metric,11 /           4 /        2013,10/ 8/2013,23:33:58,81  2 E,N A,n.a. pp  t
t704.edf,oct13a,12.95,81.33333,2013-10-09 01:04:25,"Larsen D'Cruz, Sherin V Raju",3,12 57 N,0,XCTD,1000m,Standard,0.0,6.472,-0.00216,0.0,100.0%,Metric,11 /           4 /        2013,10/ 9/2013,1: 4:25,81 20 E,N A,n.a. pp  t
t705.edf,oct13a,12.9,81.68333,2013-10-09 02:51:39,"Larsen D'Cruz, Sherin V Raju",4,12 54 N,0,XCTD,1000m,Standard,0.0,6.472,-0.00216,0.0,100.0%,Metric,11 /           4 /        2013,10/ 9/2013,2:51:39,81 41 E,N A,n.a. pp  t
t706.edf,oct13a,12.83333,82.13333,2013-10-09 05:11:19,"Larsen D'Cruz, Sherin V Raju",5,12 50 N,0,XCTD,1000m,Standard,0.0,6.472,-0.00216,0.0,100.0%,Metric,11 /           4 /        2013,10/ 9/2013,5:11:19,82  8 E,N A,n.a. pp  t
t701.edf,oct13b,13.08333,80.5,2013-10-29 20:11:15,"Venugopal Reddy T, Virroy Dias",0,13  5 N,0,XCTD,1000m,Standard,0.0,6.472,-0.00216,0.0,100.0%,Metric,12 /          18 /        2013,10/29/2013,20:11:15,80 30 E,N A,n.a. pp  t
t702.edf,oct13b,13.0,81.0,2013-10-29 22:15:04,"Venugopal Reddy T, Virroy Dias",1,13  0 N,0,XCTD,1000m,Standard,0.0,6.472,-0.00216,0.0,100.0%,Metric,12 /          18 /        2013,10/29/2013,22:15: 4,81  0 E,N A,n.a. pp  t
t703.edf,oct13b,12.95,81.43333,2013-10-30 00:12:01,"Venugopal Reddy T, Virroy Dias",2,12 57 N,0,XCTD,1000m,Standard,0.0,6.472,-0.00216,0.0,100.0%,Metric,12 /          18 /        2013,10/30/2013,0:12: 1,81 26 E,N A,n.a. pp  t
t701.edf,oct14,13.01667,80.5,2014-10-16 13:59:14,"Ralph, Glenn Fernandes",29,13  1 N,0,XCTD,1000m,Standard,0.0,6.472,-0.00216,0.0,100.0%,Metric,12 /           5 /        2014,10/16/2014,13:59:14,80 30 E,N A,n.a. pp  t
t702.edf,oct14,12.98333,80.61667,2014-10-16 14:23:43,"Ralph, Glenn Fernandes",30,12 59 N,0,XCTD,1000m,Standard,0.0,6.472,-0.00216,0.0,100.0%,Metric,12 /           5 /        2014,10/16/2014,14:23:43,80 37 E,N A,n.a. pp  t
t703.edf,oct14,12.81667,81.0,2014-10-16 16:06:04,"Ralph, Glenn Fernandes",31,12 49 N,0,XCTD,1000m,Standard,0.0,6.472,-0.00216,0.0,100.0%,Metric,12 /           5 /        2014,10/16/2014,16: 6: 4,81  0 E,N A,n.a. pp  t
t704.edf,oct14,12.56667,81.5,2014-10-16 18:31:30,"Ralph, Glenn Fernandes",32,12 34 N,0,XCTD,1000m,Standard,0.0,6.472,-0.00216,0.0,100.0%,Metric,12 /           5 /        2014,10/16/2014,18:31:30,81 30 E,N A,n.a. pp  t
t705.edf,oct14,12.33333,82.0,2014-10-16 20:50:13,"Ralph, Glenn Fernandes",33,12 20 N,0,XCTD,1000m,Standard,0.0,6.472,-0.00216,0.0,100.0%,Metric,12 /           5 /        2014,10/16/2014,20:50:13,82  0 E,N A,n.a. pp  t
t704.edf,sep09,12.88333,82.0,2009-09-12 03:05:19,Chidamber And Rajath,7,12 53 N,0,XCTD,1000m,Standard,0.0,6.472,-0.00216,0.0,100.0%,Metric,10 /          15 /        2009,09/12/2009,03:05:19,82 00 E,N A,n.a. ppt
t705.edf,sep09,12.73333,83.0,2009-09-12 07:36:38,Chidamber And Rajath,7,12 44 N,0,XCTD,1000m,Standard,0.0,6.472,-0.00216,0.0,100.0%,Metric,10 /          15 /        2009,09/12/2009,07:36:38,83 00 E,N A,n.a. ppt
t706.edf,sep09,12.71667,84.0,2009-09-12 12:01:40,Chidamber And Rajath,7,12 43 N,0,XCTD,1000m,Standard,0.0,6.472,-0.00216,0.0,100.0%,Metric,10 /          15 /        2009,09/12/2009,12:01:40,84 00 E,N A,n.a. ppt
t707.edf,sep09,12.43333,85.0,2009-09-12 16:29:24,Chidamber And Rajath,7,12 26 N,0,XCTD,1000m,Standard,0.0,6.472,-0.00216,0.0,100.0%,Metric,10 /          15 /        2009,09/12/2009,16:29:24,85 00 E,N A,n.a. ppt
t708.edf,sep09,12.28333,86.0,2009-09-12 20:31:57,Chidamber And Rajath,7,12 17 N,0,XCTD,1000m,Standard,0.0,6.472,-0.00216,0.0,100.0%,Metric,10 /          15 /        2009,09/12/2009,20:31:57,86 00 E,N A,n.a. ppt
t709.edf,sep09,12.11667,87.0,2009-09-13 00:51:03,Chidamber And Rajath,7,12 07 N,0,XCTD,1000m,Standard,0.0,6.472,-0.00216,0.0,100.0%,Metric,10 /          15 /        2009,09/13/2009,00:51:03,87 00 E,N A,n.a. ppt
t710.edf,sep09,11.98333,88.05,2009-09-13 05:11:07,Chidamber And Rajath,7,11 59 N,0,XCTD,1000m,Standard,0.0,6.472,-0.00216,0.0,100.0%,Metric,10 /          15 /        2009,09/13/2009,05:11:07,88 03 E,N A,n.a. ppt
t711.edf,sep09,11.81667,89.05,2009-09-13 09:24:07,Chidamber And Rajath,7,11 49 N,0,XCTD,1000m,Standard,0.0,6.472,-0.00216,0.0,100.0%,Metric,10 /          15 /        2009,09/13/2009,09:24:07,89 03 E,N A,n.a. ppt
t712.edf,sep09,11.68333,90.0,2009-09-13 13:18:27,Chidamber And Rajath,7,11 41 N,0,XCTD,1000m,Standard,0.0,6.472,-0.00216,0.0,100.0%,Metric,10 /          15 /        2009,09/13/2009,13:18:27,90 00 E,N A,n.a. ppt
t713.edf,sep09,11.53333,91.0,2009-09-13 17:32:13,Chidamber And Rajath,7,11 32 N,0,XCTD,1000m,Standard,0.0,6.472,-0.00216,0.0,100.0%,Metric,10 /          15 /        2009,09/13/2009,17:32:13,91 00 E,N A,n.a. ppt
t702.edf,sep13,13.06667,80.5,2013-09-23 21:12:31,"Ralph D'Souza, Raj Kumar",18,13  4 N,0,XCTD,1000m,Standard,0.0,6.472,-0.00216,0.0,100.0%,Metric,11 /          19 /        2013,9/23/2013,21:12:31,80 30 E,N A,n.a. pp  t
t703.edf,sep13,13.03333,80.76667,2013-09-23 22:36:47,"Ralph D'Souza, Raj Kumar",19,13  2 N,0,XCTD,1000m,Standard,0.0,6.472,-0.00216,0.0,100.0%,Metric,11 /          19 /        2013,9/23/2013,22:36:47,80 46 E,N A,n.a. pp  t
t704.edf,sep13,13.0,81.06667,2013-09-24 00:03:30,"Ralph D'Souza, Raj Kumar",20,13  0 N,0,XCTD,1000m,Standard,0.0,6.472,-0.00216,0.0,100.0%,Metric,11 /          19 /        2013,9/24/2013,0: 3:30,81  4 E,N A,n.a. pp  t
t705.edf,sep13,12.93333,81.5,2013-09-24 02:13:08,"Ralph D'Souza, Raj Kumar",21,12 56 N,0,XCTD,1000m,Standard,0.0,6.472,-0.00216,0.0,100.0%,Metric,11 /          19 /        2013,9/24/2013,2:13: 8,81 30 E,N A,n.a. pp  t
t701.edf,sep14,13.05,80.53333,2014-09-22 20:30:07,Larsen And Rajkumar,16,13  3 N,0,XCTD,1000m,Standard,0.0,6.472,-0.00216,0.0,100.0%,Metric,11 /          25 /        2014,9/22/2014,20:30: 7,80 32 E,N A,n.a. pp  t
t702.edf,sep14,13.0,81.0,2014-09-22 22:54:11,Larsen And Rajkumar,17,13  0 N,0,XCTD,1000m,Standard,0.0,6.472,-0.00216,0.0,100.0%,Metric,11 /          25 /        2014,9/22/2014,22:54:11,81  0 E,N A,n.a. pp  t
t703.edf,sep14,12.91667,81.53333,2014-09-23 01:50:38,Larsen And Rajkumar,18,12 55 N,0,XCTD,1000m,Standard,0.0,6.472,-0.00216,0.0,100.0%,Metric,11 /          25 /        2014,9/23/2014,1:50:38,81 32 E,N A,n.a. pp  t
t704.edf,sep14,12.85,82.0,2014-09-23 04:21:05,Larsen And Rajkumar,19,12 51 N,0,XCTD,1000m,Standard,0.0,6.472,-0.00216,0.0,100.0%,Metric,11 /          25 /        2014,9/23/2014,4:21: 5,82  0 E,N A,n.a. pp  t
